feature,Recurse,Depth,DNS,Vhost,API,FUZZ-pos,Body,Header,Multi-WL,Encoders,Methods,Crawl,robots,DirList,Wildcard,F:Status,F:Size,F:Regex,F:Similar,Rate-lim,Auto-tune,Proxy,Replay,SOCKS,mTLS,Rand-UA,Resume,Interact,JSON-out,Ext-col,Bak-col,Word-col,Multi-proto,GUI
Recurse,1.000,0.869,-0.929,-0.238,-0.189,-0.425,-0.321,-0.425,0.068,-0.286,-0.043,0.567,0.334,0.236,0.094,-0.357,-0.055,0.016,0.434,-0.472,0.236,0.614,0.357,-0.055,0.373,0.382,0.125,0.373,0.436,0.236,0.236,0.236,-0.614,0.236
Depth,0.869,1.000,-0.832,0.036,-0.100,-0.150,0.100,-0.150,0.359,-0.151,0.390,0.532,0.495,0.350,0.200,0.151,0.404,0.394,0.642,-0.100,0.350,0.550,0.529,0.404,0.683,0.635,0.321,0.359,0.751,0.350,0.350,0.350,-0.550,-0.100
DNS,-0.929,-0.832,1.000,0.373,-0.189,0.567,0.189,0.283,0.068,0.357,-0.043,-0.454,-0.267,-0.189,-0.189,0.286,0.109,0.162,-0.347,0.378,-0.189,-0.661,-0.286,0.109,-0.238,-0.436,-0.036,-0.238,-0.546,-0.189,-0.189,-0.189,0.661,-0.189
Vhost,-0.238,0.036,0.373,1.000,-0.359,0.808,0.521,0.539,0.565,0.373,0.288,-0.308,0.254,0.045,-0.090,0.543,0.518,0.585,0.082,0.180,0.045,-0.045,0.373,0.674,0.274,-0.207,-0.221,-0.016,0.052,0.045,0.045,0.045,0.045,-0.359
API,-0.189,-0.100,-0.189,-0.359,1.000,-0.375,0.350,0.375,-0.359,-0.189,0.229,-0.300,-0.177,-0.125,0.250,0.189,-0.144,-0.472,-0.229,0.250,-0.125,0.125,-0.189,-0.144,-0.359,0.144,-0.236,-0.359,0.289,-0.125,-0.125,-0.125,-0.125,-0.125
FUZZ-pos,-0.425,-0.150,0.567,0.808,-0.375,1.000,0.600,0.625,0.674,0.567,0.344,-0.386,-0.177,-0.375,-0.250,0.567,0.577,0.643,-0.172,0.250,-0.375,-0.375,0.000,0.577,0.269,-0.289,-0.142,-0.135,0.000,-0.375,-0.375,-0.375,0.375,-0.375
Body,-0.321,0.100,0.189,0.521,0.350,0.600,1.000,0.900,0.683,0.529,0.803,-0.394,0.071,-0.100,-0.100,0.832,0.751,0.549,0.023,0.500,-0.100,-0.350,0.189,0.577,0.359,0.115,-0.019,-0.126,0.577,-0.100,-0.100,-0.100,0.350,-0.550
Header,-0.425,-0.150,0.283,0.539,0.375,0.625,0.900,1.000,0.539,0.567,0.516,-0.643,-0.177,-0.375,-0.250,0.567,0.433,0.257,-0.344,0.250,-0.375,-0.375,0.000,0.289,0.000,-0.289,-0.425,-0.269,0.289,-0.375,-0.375,-0.375,0.375,-0.375
Multi-WL,0.068,0.359,0.068,0.565,-0.359,0.674,0.683,0.539,1.000,0.679,0.659,-0.031,0.254,0.045,-0.359,0.543,0.830,0.862,0.268,0.180,0.045,-0.449,0.373,0.518,0.710,0.104,0.238,0.274,0.518,0.045,0.045,0.045,0.449,-0.359
Encoders,-0.286,-0.151,0.357,0.373,-0.189,0.567,0.529,0.567,0.679,1.000,0.347,-0.162,0.134,-0.189,-0.756,0.286,0.436,0.454,-0.347,-0.189,-0.189,-0.661,-0.286,0.109,0.068,-0.109,-0.036,-0.238,0.109,-0.189,-0.189,-0.189,0.661,-0.189
Methods,-0.043,0.390,-0.043,0.288,0.229,0.344,0.803,0.516,0.659,0.347,1.000,0.197,0.324,0.229,0.229,0.824,0.861,0.689,0.421,0.574,0.229,-0.229,0.347,0.662,0.659,0.530,0.434,0.288,0.861,0.229,0.229,0.229,0.229,-0.287
Crawl,0.567,0.532,-0.454,-0.308,-0.300,-0.386,-0.394,-0.643,-0.031,-0.162,0.197,1.000,0.485,0.472,0.343,-0.130,0.099,0.191,0.511,-0.171,0.472,0.300,0.130,0.099,0.385,0.644,0.600,0.524,0.396,0.472,0.472,0.472,-0.300,0.472
robots,0.334,0.495,-0.267,0.254,-0.177,-0.177,0.071,-0.177,0.254,0.134,0.324,0.485,1.000,0.884,0.000,0.267,0.408,0.424,0.649,0.000,0.884,0.177,0.535,0.408,0.445,0.612,0.468,0.254,0.408,0.884,0.884,0.884,-0.177,-0.177
DirList,0.236,0.350,-0.189,0.045,-0.125,-0.375,-0.100,-0.375,0.045,-0.189,0.229,0.472,0.884,1.000,0.250,0.189,0.289,0.300,0.803,0.250,1.000,0.125,0.661,0.289,0.449,0.577,0.614,0.449,0.289,1.000,1.000,1.000,-0.125,-0.125
Wildcard,0.094,0.200,-0.189,-0.090,0.250,-0.250,-0.100,-0.250,-0.359,-0.756,0.229,0.343,0.000,0.250,1.000,0.189,0.000,-0.086,0.459,0.500,0.250,0.500,0.378,0.289,0.180,0.289,0.189,0.449,0.289,0.250,0.250,0.250,-0.500,0.250
F:Status,-0.357,0.151,0.286,0.543,0.189,0.567,0.832,0.567,0.543,0.286,0.824,-0.130,0.267,0.189,0.189,1.000,0.873,0.713,0.347,0.756,0.189,-0.189,0.286,0.873,0.543,0.436,0.357,-0.068,0.546,0.189,0.189,0.189,0.189,-0.661
F:Size,-0.055,0.404,0.109,0.518,-0.144,0.577,0.751,0.433,0.830,0.436,0.861,0.099,0.408,0.289,0.000,0.873,1.000,0.941,0.530,0.577,0.289,-0.289,0.436,0.833,0.830,0.500,0.546,0.207,0.667,0.289,0.289,0.289,0.289,-0.577
F:Regex,0.016,0.394,0.162,0.585,-0.472,0.643,0.549,0.257,0.862,0.454,0.689,0.191,0.424,0.300,-0.086,0.713,0.941,1.000,0.551,0.429,0.300,-0.300,0.454,0.792,0.862,0.396,0.567,0.308,0.495,0.300,0.300,0.300,0.300,-0.472
F:Similar,0.434,0.642,-0.347,0.082,-0.229,-0.172,0.023,-0.344,0.268,-0.347,0.421,0.511,0.649,0.803,0.459,0.347,0.530,0.551,1.000,0.459,0.803,0.229,0.824,0.530,0.824,0.662,0.737,0.639,0.530,0.803,0.803,0.803,-0.229,-0.229
Rate-lim,-0.472,-0.100,0.378,0.180,0.250,0.250,0.500,0.250,0.180,-0.189,0.574,-0.171,0.000,0.250,0.500,0.756,0.577,0.429,0.459,1.000,0.250,-0.250,0.378,0.577,0.449,0.289,0.472,0.180,0.289,0.250,0.250,0.250,0.250,-0.500
Auto-tune,0.236,0.350,-0.189,0.045,-0.125,-0.375,-0.100,-0.375,0.045,-0.189,0.229,0.472,0.884,1.000,0.250,0.189,0.289,0.300,0.803,0.250,1.000,0.125,0.661,0.289,0.449,0.577,0.614,0.449,0.289,1.000,1.000,1.000,-0.125,-0.125
Proxy,0.614,0.550,-0.661,-0.045,0.125,-0.375,-0.350,-0.375,-0.449,-0.661,-0.229,0.300,0.177,0.125,0.500,-0.189,-0.289,-0.300,0.229,-0.250,0.125,1.000,0.189,0.144,-0.045,0.289,-0.189,-0.045,0.144,0.125,0.125,0.125,-1.000,0.125
Replay,0.357,0.529,-0.286,0.373,-0.189,0.000,0.189,0.000,0.373,-0.286,0.347,0.130,0.535,0.661,0.378,0.286,0.436,0.454,0.824,0.378,0.661,0.189,1.000,0.436,0.679,0.218,0.286,0.679,0.436,0.661,0.661,0.661,-0.189,-0.189
SOCKS,-0.055,0.404,0.109,0.674,-0.144,0.577,0.577,0.289,0.518,0.109,0.662,0.099,0.408,0.289,0.289,0.873,0.833,0.792,0.530,0.577,0.289,0.144,0.436,1.000,0.674,0.500,0.382,0.052,0.500,0.289,0.289,0.289,-0.144,-0.577
mTLS,0.373,0.683,-0.238,0.274,-0.359,0.269,0.359,0.000,0.710,0.068,0.659,0.385,0.445,0.449,0.180,0.543,0.830,0.862,0.824,0.449,0.449,-0.045,0.679,0.674,1.000,0.570,0.696,0.565,0.674,0.449,0.449,0.449,0.045,-0.359
Rand-UA,0.382,0.635,-0.436,-0.207,0.144,-0.289,0.115,-0.289,0.104,-0.109,0.530,0.644,0.612,0.577,0.289,0.436,0.500,0.396,0.662,0.289,0.577,0.289,0.218,0.500,0.570,1.000,0.764,0.104,0.667,0.577,0.577,0.577,-0.289,-0.289
Resume,0.125,0.321,-0.036,-0.221,-0.236,-0.142,-0.019,-0.425,0.238,-0.036,0.434,0.600,0.468,0.614,0.189,0.357,0.546,0.567,0.737,0.472,0.614,-0.189,0.286,0.382,0.696,0.764,1.000,0.390,0.382,0.614,0.614,0.614,0.189,-0.236
Interact,0.373,0.359,-0.238,-0.016,-0.359,-0.135,-0.126,-0.269,0.274,-0.238,0.288,0.524,0.254,0.449,0.449,-0.068,0.207,0.308,0.639,0.180,0.449,-0.045,0.679,0.052,0.565,0.104,0.390,1.000,0.363,0.449,0.449,0.449,0.045,0.449
JSON-out,0.436,0.751,-0.546,0.052,0.289,0.000,0.577,0.289,0.518,0.109,0.861,0.396,0.408,0.289,0.289,0.546,0.667,0.495,0.530,0.289,0.289,0.144,0.436,0.500,0.674,0.667,0.382,0.363,1.000,0.289,0.289,0.289,-0.144,-0.144
Ext-col,0.236,0.350,-0.189,0.045,-0.125,-0.375,-0.100,-0.375,0.045,-0.189,0.229,0.472,0.884,1.000,0.250,0.189,0.289,0.300,0.803,0.250,1.000,0.125,0.661,0.289,0.449,0.577,0.614,0.449,0.289,1.000,1.000,1.000,-0.125,-0.125
Bak-col,0.236,0.350,-0.189,0.045,-0.125,-0.375,-0.100,-0.375,0.045,-0.189,0.229,0.472,0.884,1.000,0.250,0.189,0.289,0.300,0.803,0.250,1.000,0.125,0.661,0.289,0.449,0.577,0.614,0.449,0.289,1.000,1.000,1.000,-0.125,-0.125
Word-col,0.236,0.350,-0.189,0.045,-0.125,-0.375,-0.100,-0.375,0.045,-0.189,0.229,0.472,0.884,1.000,0.250,0.189,0.289,0.300,0.803,0.250,1.000,0.125,0.661,0.289,0.449,0.577,0.614,0.449,0.289,1.000,1.000,1.000,-0.125,-0.125
Multi-proto,-0.614,-0.550,0.661,0.045,-0.125,0.375,0.350,0.375,0.449,0.661,0.229,-0.300,-0.177,-0.125,-0.500,0.189,0.289,0.300,-0.229,0.250,-0.125,-1.000,-0.189,-0.144,0.045,-0.289,0.189,0.045,-0.144,-0.125,-0.125,-0.125,1.000,-0.125
GUI,0.236,-0.100,-0.189,-0.359,-0.125,-0.375,-0.550,-0.375,-0.359,-0.189,-0.287,0.472,-0.177,-0.125,0.250,-0.661,-0.577,-0.472,-0.229,-0.500,-0.125,0.125,-0.189,-0.577,-0.359,-0.289,-0.236,0.449,-0.144,-0.125,-0.125,-0.125,-0.125,1.000
